{
  "format_version": "1.12.0",
 "minecraft:entity": {
  "description": {
    "identifier": "chara:attack",
    "is_spawnable": false,
    "is_summonable": false,
    "is_experimental": false,
       "runtime_identifier": "minecraft:snowball"
  },

  "component_groups": {
    "minecraft:exploding": {
      "minecraft:explode": {
       "breaks_blocks":false,
        "fuse_length": 0,
        "fuse_lit": true,
        "power": 2,
        "causes_fire": false,
        "destroy_affected_by_griefing": true
      }
    }
  },

  "components": {
      "minecraft:explode": {
       "breaks_blocks":false,
        "fuse_length": 8,
        "fuse_lit": true,
        "power": 0,
        "causes_fire": false,
        "destroy_affected_by_griefing": true
      },

    "minecraft:collision_box": {
      "width": 0.15,
      "height": 0.15
    },
    "minecraft:projectile": {
      "on_hit": {
           "impact_damage": {
            "damage": 999999999999,
        	"destroyonhit": false,
            "knockback": true
          },  
        "definition_event": {
          "affect_projectile": true,
          "event_trigger": {
            "event": "minecraft:explode",
            "target": "self"
          }
        },
        "mob_effect": {
          "effect": "wither",
          "durationeasy": 0,
          "durationnormal": 200,
          "durationhard": 800,
          "amplifier": 99
        }
      },
      "power": 1.3,
      "gravity": 0.00,
      "uncertainty_base": 7.5,
      "uncertainty_multiplier": 1,
      "anchor": 1,
      "offset": [ 0, -0.1, 0 ],
      "inertia": 1.0,
      "liquid_inertia": 1.0,
      "shoot_target": false
    },
	  "minecraft:physics": {
    },
    "minecraft:pushable": {
      "is_pushable": true,
      "is_pushable_by_piston": true
    }
  },
  "events": {
   "minecraft:explode": {
    "add": {
     "component_groups": [
      "minecraft:exploding"
     ]
    }
   }
  }
 }
}