{
"format_version":"1.10.0",
"geometry.chara_attack2":{
"texturewidth":640,
"textureheight":640,
"bones":[
{
"name":"body",
"rotation": [-90, 0, 0],
"pivot":[0,0,0],
"cubes":[
{
"origin":[-10,-5,-20],
"size":[20,10,30],
"uv":[0,0]
},
{
"origin":[-20,-5,10],
"size":[40,10,20],
"uv":[0,0]
},
{
"origin":[-30,-5,13],
"size":[60,10,10],
"uv":[0,0]
},
{
"origin":[-10,-5,20],
"size":[20,10,20],
"uv":[0,0]
},
{
"origin":[-5,-5,40],
"size":[10,10,20],
"uv":[0,0]
},
{
"origin":[-9,-5,-30],
"size":[18,10,30],
"uv":[0,0]
},
{
"origin":[-7.5,-5,-40],
"size":[15,10,30],
"uv":[0,0]
},
{
"origin":[-6,-5,-42],
"size":[12,10,30],
"uv":[0,0]
},
{
"origin":[-4,-5,-50],
"size":[8,10,30],
"uv":[0,0]
}
]
}
]
}
}