{
"format_version":"1.10.0",
"geometry.chara":{
"texturewidth":64,
"textureheight":64,
"bones":[
{
"name":"rightItem",
"pivot":[-6,15,1],
"neverRender":true,
"parent":"leftArm2"
},

{
"name":"head",
"pivot":[0,24,0],
"parent":"body",
"mirror":true,
"cubes":[
{
"origin":[-4,23,-4],
"size":[8,8,8],
"uv":[0,0]
},
{
"origin":[-4,23,-4],
"size":[8,8,8],
"inflate":0.5,
"uv":[32,0]
}
]
},



{
"name":"body",
"pivot":[0,24,0],
"mirror":true,
"cubes":[
{
"origin":[-4,12,-2],
"size":[8,11,4],
"uv":[16,16]
}
]
},



{
"name":"leftArm",
"pivot":[-5,22,0],
"parent":"body",
"mirror":true,
"inflate":0.001,
"cubes":[
{
"origin":[-7,18,-2],
"size":[3,5,4],
"uv":[40,16]
}
]
},
{
"name":"leftArm2",
"parent":"leftArm",
"pivot":[-5,18.5,0],
"cubes":[
{
"origin":[-7,12,-2],
"size":[3,7,4],
"uv":[0,32]
}
]
},
{
"name":"rightArm",
"pivot":[5,22,0],
"parent":"body",
"inflate":0.001,
"mirror":true,
"cubes":[
{
"origin":[4,18,-2],
"size":[3,5,4],
"uv":[40,16]
}
]
},
{
"name":"rightArm2",
"parent":"rightArm",
"pivot":[5,18.5,0],
"cubes":[
{
"origin":[4,12,-2],
"size":[3,7,4],
"uv":[0,32]
}
]
},
{
"name":"leftLeg",
"pivot":[-2,11,0],
"parent":"body",
"mirror":true,
"inflate":0.001,
"cubes":[
{
"origin":[-3.9,6,-2],
"size":[4,6,4],
"uv":[0,16]
}
]
},
{
"name":"leftLeg2",
"parent":"leftLeg",
"pivot":[-1,6.5,-1],
"cubes":[
{
"origin":[-3.9,0,-2],
"size":[4,7,4],
"uv":[0,20]
}
]
},
{
"name":"rightLeg",
"inflate":0.001,
"parent":"body",
"pivot":[2,11,0],
"mirror":true,
"cubes":[
{
"origin":[-0.1,6,-2],
"size":[4,6,4],
"uv":[0,16]
}
]
},
{
"name":"rightLeg2",
"parent":"rightLeg",
"pivot":[1,6.5,-1],
"cubes":[
{
"origin":[-0.1,0,-2],
"size":[4,7,4],
"uv":[0,20]
}
]
}
]
}
}