{
  "format_version": "1.8.0",
  "minecraft:client_entity": {
    "description": {
      "identifier": "chara:attack",
      "materials": {
        "default": "arrow"
       },
      "textures": {
        "default": "c_red"
      },
      "geometry": {
        "default": "geometry.chara_attack"
      },
      "animations": {
        "chara_item": "animation.chara_item"
      },
          "animation_controllers": [
        {"chara_item":"controller.animation.chara_item"}
      ],

      "scripts": {
        "pre_animation": [
          "variable.shake = query.shake_time - query.frame_alpha;",
          "variable.shake_power = variable.shake > 0.0 ? -Math.sin(variable.shake * 200.0) * variable.shake : 0.0;"
        ],
        "scale":"0.15"
      },
      "render_controllers": [ 
      "controller.render.arrow"
       ],
      "enable_attachables": true
    }
  }
}
