{
  "format_version": "1.8.0",
  "minecraft:client_entity": {
    "description": {
      "identifier": "chara:attack2",
      "materials": {
       "default": "chara",
        "invisible": "chara2"
     },
      "textures": {
    "chara": "c_red",
        "frisk": "c_red"
      },
      "geometry": {
        "default": "geometry.chara_attack2"
      },
      "animations": {
        "chara_item": "animation.chara_item2"
      },
          "animation_controllers": [
        {"chara_item":"controller.animation.chara_item"}
      ],

      "scripts": {
       "scale":"0.15"
      },
      "render_controllers": [ 
      "controller.render.chara"
       ],
      "enable_attachables": true
    }
  }
}
